epoch,steps,cosine-Accuracy@1,cosine-Accuracy@3,cosine-Accuracy@5,cosine-Accuracy@10,cosine-Precision@1,cosine-Recall@1,cosine-Precision@3,cosine-Recall@3,cosine-Precision@5,cosine-Recall@5,cosine-Precision@10,cosine-Recall@10,cosine-MRR@10,cosine-NDCG@10,cosine-MAP@100
1.0,157,0.212,0.341,0.411,0.494,0.212,0.212,0.11366666666666665,0.341,0.08220000000000001,0.411,0.04939999999999999,0.494,0.2954249999999999,0.34249657737346445,0.30746538087274566
2.0,314,0.305,0.481,0.53,0.647,0.305,0.305,0.16033333333333333,0.481,0.10599999999999998,0.53,0.06470000000000001,0.647,0.40926507936507905,0.4656354298642904,0.4204632959854537
3.0,471,0.331,0.503,0.575,0.69,0.331,0.331,0.16766666666666666,0.503,0.115,0.575,0.069,0.69,0.437567063492063,0.49754370475418064,0.44769279874739837
