epoch,steps,cosine-Accuracy@1,cosine-Accuracy@3,cosine-Accuracy@5,cosine-Accuracy@10,cosine-Precision@1,cosine-Recall@1,cosine-Precision@3,cosine-Recall@3,cosine-Precision@5,cosine-Recall@5,cosine-Precision@10,cosine-Recall@10,cosine-MRR@10,cosine-NDCG@10,cosine-MAP@100
1.0,157,0.236,0.347,0.418,0.508,0.236,0.236,0.11566666666666665,0.347,0.0836,0.418,0.0508,0.508,0.3130619047619046,0.359125599958164,0.3234164425559492
2.0,314,0.287,0.453,0.568,0.665,0.287,0.287,0.151,0.453,0.11359999999999998,0.568,0.0665,0.665,0.39920793650793607,0.4625556698000385,0.4105138414469926
